new_client,1621893980665,main
new_client,1621893980775,main
new_loan,1621893980823,main
exchange_rate,1621893980908,main
new_loan,1621893980936,main
exchange_rate,1621893980993,main
exchange_rate,1621893981016,main
paid_loan,1621893981039,main
update_paid_months,1621893981059,main
exchange_rate,1621893981086,main
new_loan,1621893981106,main
update_paid_months,1621893981162,main
paid_loan,1621893981185,main
update_paid_months,1621893981221,main
paid_loan,1621893981239,main
update_paid_months,1621893981257,main
paid_loan,1621893981276,main
update_paid_months,1621893981294,main
paid_loan,1621893981311,main
update_paid_months,1621893981326,main
paid_loan,1621893981343,main
update_paid_months,1621893981363,main
paid_loan,1621893981384,main
update_paid_months,1621893981407,main
paid_loan,1621893981430,main
update_paid_months,1621893981446,main
paid_loan,1621893981459,main
update_paid_months,1621893981474,main
paid_loan,1621893981489,main
update_paid_months,1621893981503,main
paid_loan,1621893981520,main
update_paid_months,1621893981539,main
paid_loan,1621893981558,main
update_paid_months,1621893981580,main
paid_loan,1621893981596,main
update_paid_months,1621893981610,main
finished_loan,1621893981625,main
exchange_rate,1621893981639,main
exchange_rate,1621893981654,main
delete_client,1621893981677,main
new_client,1621894005081,main
new_client,1621894005168,main
new_loan,1621894005198,main
exchange_rate,1621894005259,main
new_loan,1621894005291,main
exchange_rate,1621894005361,main
exchange_rate,1621894005393,main
paid_loan,1621894005425,main
update_paid_months,1621894005453,main
exchange_rate,1621894005474,main
new_loan,1621894005500,main
update_paid_months,1621894005554,main
paid_loan,1621894005583,main
update_paid_months,1621894005621,main
paid_loan,1621894005643,main
update_paid_months,1621894005665,main
paid_loan,1621894005684,main
update_paid_months,1621894005703,main
paid_loan,1621894005726,main
update_paid_months,1621894005755,main
paid_loan,1621894005786,main
update_paid_months,1621894005805,main
paid_loan,1621894005825,main
update_paid_months,1621894005853,main
paid_loan,1621894005870,main
update_paid_months,1621894005886,main
paid_loan,1621894005900,main
update_paid_months,1621894005915,main
paid_loan,1621894005931,main
update_paid_months,1621894005946,main
paid_loan,1621894005964,main
update_paid_months,1621894005985,main
paid_loan,1621894006016,main
update_paid_months,1621894006032,main
paid_loan,1621894006049,main
update_paid_months,1621894006064,main
finished_loan,1621894006079,main
exchange_rate,1621894006094,main
exchange_rate,1621894006110,main
delete_client,1621894006135,main
new_client,1621894088746,main
new_client,1621894088842,main
new_loan,1621894088866,main
exchange_rate,1621894088929,main
new_loan,1621894088955,main
exchange_rate,1621894089015,main
exchange_rate,1621894089072,main
paid_loan,1621894089092,main
update_paid_months,1621894089119,main
exchange_rate,1621894089141,main
new_loan,1621894089163,main
update_paid_months,1621894089210,main
paid_loan,1621894089241,main
update_paid_months,1621894089265,main
paid_loan,1621894089284,main
update_paid_months,1621894089312,main
paid_loan,1621894089326,main
update_paid_months,1621894089356,main
paid_loan,1621894089393,main
update_paid_months,1621894089418,main
paid_loan,1621894089458,main
update_paid_months,1621894089477,main
paid_loan,1621894089492,main
update_paid_months,1621894089508,main
paid_loan,1621894089526,main
update_paid_months,1621894089542,main
paid_loan,1621894089562,main
update_paid_months,1621894089582,main
paid_loan,1621894089599,main
update_paid_months,1621894089614,main
paid_loan,1621894089631,main
update_paid_months,1621894089647,main
paid_loan,1621894089664,main
update_paid_months,1621894089680,main
paid_loan,1621894089693,main
update_paid_months,1621894089707,main
finished_loan,1621894089719,main
exchange_rate,1621894089732,main
exchange_rate,1621894089748,main
delete_client,1621894089771,main
new_client,1621894306769,main
new_client,1621894306870,main
new_loan,1621894306897,main
exchange_rate,1621894306962,main
new_loan,1621894307008,main
exchange_rate,1621894307074,main
exchange_rate,1621894307103,main
paid_loan,1621894307142,main
update_paid_months,1621894307168,main
exchange_rate,1621894307201,main
new_loan,1621894307236,main
update_paid_months,1621894307294,main
paid_loan,1621894307326,main
update_paid_months,1621894307361,main
paid_loan,1621894307383,main
update_paid_months,1621894307402,main
paid_loan,1621894307438,main
update_paid_months,1621894307468,main
paid_loan,1621894307499,main
update_paid_months,1621894307522,main
paid_loan,1621894307541,main
update_paid_months,1621894307564,main
paid_loan,1621894307588,main
update_paid_months,1621894307610,main
paid_loan,1621894307627,main
update_paid_months,1621894307647,main
paid_loan,1621894307665,main
update_paid_months,1621894307682,main
paid_loan,1621894307698,main
update_paid_months,1621894307712,main
paid_loan,1621894307729,main
update_paid_months,1621894307745,main
paid_loan,1621894307764,main
update_paid_months,1621894307784,main
paid_loan,1621894307803,main
update_paid_months,1621894307819,main
finished_loan,1621894307833,main
exchange_rate,1621894307849,main
exchange_rate,1621894307870,main
delete_client,1621894307902,main
new_client,1621894332210,main
new_client,1621894332294,main
new_loan,1621894332319,main
exchange_rate,1621894332406,main
new_loan,1621894332438,main
exchange_rate,1621894332504,main
exchange_rate,1621894332531,main
paid_loan,1621894332558,main
update_paid_months,1621894332583,main
exchange_rate,1621894332610,main
new_loan,1621894332634,main
update_paid_months,1621894332679,main
paid_loan,1621894332713,main
update_paid_months,1621894332743,main
paid_loan,1621894332777,main
update_paid_months,1621894332802,main
paid_loan,1621894332834,main
update_paid_months,1621894332855,main
paid_loan,1621894332878,main
update_paid_months,1621894332903,main
paid_loan,1621894332934,main
update_paid_months,1621894332952,main
paid_loan,1621894332972,main
update_paid_months,1621894332994,main
paid_loan,1621894333009,main
update_paid_months,1621894333023,main
paid_loan,1621894333037,main
update_paid_months,1621894333056,main
paid_loan,1621894333068,main
update_paid_months,1621894333083,main
paid_loan,1621894333098,main
update_paid_months,1621894333118,main
paid_loan,1621894333142,main
update_paid_months,1621894333160,main
paid_loan,1621894333178,main
update_paid_months,1621894333192,main
finished_loan,1621894333205,main
exchange_rate,1621894333219,main
exchange_rate,1621894333235,main
delete_client,1621894333257,main
new_client,1621894718959,main
new_client,1621894719056,main
new_loan,1621894719093,main
exchange_rate,1621894719158,main
new_loan,1621894719192,main
exchange_rate,1621894719264,main
exchange_rate,1621894719303,main
paid_loan,1621894719326,main
update_paid_months,1621894719351,main
exchange_rate,1621894719380,main
new_loan,1621894719412,main
update_paid_months,1621894719467,main
paid_loan,1621894719490,main
update_paid_months,1621894719524,main
paid_loan,1621894719547,main
update_paid_months,1621894719569,main
paid_loan,1621894719591,main
update_paid_months,1621894719616,main
paid_loan,1621894719637,main
update_paid_months,1621894719666,main
paid_loan,1621894719687,main
update_paid_months,1621894719718,main
paid_loan,1621894719734,main
update_paid_months,1621894719748,main
paid_loan,1621894719764,main
update_paid_months,1621894719777,main
paid_loan,1621894719790,main
update_paid_months,1621894719816,main
paid_loan,1621894719831,main
update_paid_months,1621894719846,main
paid_loan,1621894719862,main
update_paid_months,1621894719878,main
paid_loan,1621894719895,main
update_paid_months,1621894719915,main
paid_loan,1621894719934,main
update_paid_months,1621894719953,main
finished_loan,1621894719968,main
exchange_rate,1621894719982,main
exchange_rate,1621894719997,main
delete_client,1621894720022,main
new_client,1621895001611,main
new_client,1621895001746,main
new_client,1621895001820,main
new_client,1621895001895,main
new_client,1621895001968,main
new_loan,1621895002001,main
exchange_rate,1621895002077,main
new_loan,1621895002116,main
exchange_rate,1621895002196,main
exchange_rate,1621895002260,main
paid_loan,1621895002293,main
update_paid_months,1621895002329,main
exchange_rate,1621895002357,main
new_loan,1621895002382,main
update_paid_months,1621895002434,main
paid_loan,1621895002455,main
update_paid_months,1621895002477,main
paid_loan,1621895002499,main
update_paid_months,1621895002526,main
paid_loan,1621895002550,main
update_paid_months,1621895002569,main
paid_loan,1621895002585,main
update_paid_months,1621895002604,main
paid_loan,1621895002622,main
update_paid_months,1621895002639,main
paid_loan,1621895002663,main
update_paid_months,1621895002680,main
paid_loan,1621895002696,main
update_paid_months,1621895002715,main
paid_loan,1621895002735,main
update_paid_months,1621895002750,main
paid_loan,1621895002767,main
update_paid_months,1621895002784,main
paid_loan,1621895002800,main
update_paid_months,1621895002821,main
paid_loan,1621895002837,main
update_paid_months,1621895002854,main
paid_loan,1621895002867,main
update_paid_months,1621895002884,main
finished_loan,1621895002898,main
exchange_rate,1621895002912,main
exchange_rate,1621895002927,main
delete_client,1621895002956,main
new_client,1621895089183,main
new_client,1621895089300,main
new_client,1621895089351,main
new_client,1621895089405,main
new_client,1621895089477,main
new_loan,1621895089504,main
exchange_rate,1621895089551,main
new_loan,1621895089571,main
exchange_rate,1621895089614,main
exchange_rate,1621895089649,main
paid_loan,1621895089678,main
update_paid_months,1621895089704,main
exchange_rate,1621895089727,main
new_loan,1621895089760,main
update_paid_months,1621895089791,main
paid_loan,1621895089807,main
update_paid_months,1621895089823,main
paid_loan,1621895089848,main
update_paid_months,1621895089869,main
paid_loan,1621895089890,main
update_paid_months,1621895089921,main
paid_loan,1621895089938,main
update_paid_months,1621895089954,main
paid_loan,1621895089967,main
update_paid_months,1621895089981,main
paid_loan,1621895090016,main
update_paid_months,1621895090031,main
paid_loan,1621895090048,main
update_paid_months,1621895090068,main
paid_loan,1621895090087,main
update_paid_months,1621895090103,main
paid_loan,1621895090117,main
update_paid_months,1621895090131,main
paid_loan,1621895090145,main
update_paid_months,1621895090159,main
paid_loan,1621895090174,main
update_paid_months,1621895090191,main
paid_loan,1621895090207,main
update_paid_months,1621895090222,main
finished_loan,1621895090238,main
exchange_rate,1621895090257,main
exchange_rate,1621895090284,main
delete_client,1621895090308,main
new_client,1621895109577,main
new_client,1621895109687,main
new_client,1621895109747,main
new_client,1621895109829,main
new_client,1621895109898,main
new_loan,1621895109927,main
exchange_rate,1621895109983,main
new_loan,1621895110004,main
exchange_rate,1621895110044,main
exchange_rate,1621895110068,main
paid_loan,1621895110091,main
update_paid_months,1621895110116,main
exchange_rate,1621895110141,main
new_loan,1621895110166,main
update_paid_months,1621895110202,main
paid_loan,1621895110231,main
update_paid_months,1621895110248,main
paid_loan,1621895110268,main
update_paid_months,1621895110288,main
paid_loan,1621895110311,main
update_paid_months,1621895110331,main
paid_loan,1621895110356,main
update_paid_months,1621895110373,main
paid_loan,1621895110387,main
update_paid_months,1621895110402,main
paid_loan,1621895110428,main
update_paid_months,1621895110446,main
paid_loan,1621895110461,main
update_paid_months,1621895110479,main
paid_loan,1621895110506,main
update_paid_months,1621895110523,main
paid_loan,1621895110537,main
update_paid_months,1621895110550,main
paid_loan,1621895110563,main
update_paid_months,1621895110577,main
paid_loan,1621895110592,main
update_paid_months,1621895110619,main
paid_loan,1621895110637,main
update_paid_months,1621895110654,main
finished_loan,1621895110673,main
exchange_rate,1621895110690,main
exchange_rate,1621895110706,main
delete_client,1621895110730,main
new_client,1621895131408,main
new_client,1621895131550,main
new_client,1621895131613,main
new_client,1621895131674,main
new_client,1621895131745,main
new_loan,1621895131773,main
exchange_rate,1621895131830,main
new_loan,1621895131852,main
exchange_rate,1621895131915,main
exchange_rate,1621895131938,main
paid_loan,1621895131959,main
update_paid_months,1621895131981,main
exchange_rate,1621895131999,main
new_loan,1621895132015,main
update_paid_months,1621895132052,main
paid_loan,1621895132070,main
update_paid_months,1621895132087,main
paid_loan,1621895132114,main
update_paid_months,1621895132137,main
paid_loan,1621895132156,main
update_paid_months,1621895132173,main
paid_loan,1621895132189,main
update_paid_months,1621895132203,main
paid_loan,1621895132217,main
update_paid_months,1621895132230,main
paid_loan,1621895132243,main
update_paid_months,1621895132255,main
paid_loan,1621895132270,main
update_paid_months,1621895132291,main
paid_loan,1621895132314,main
update_paid_months,1621895132332,main
paid_loan,1621895132355,main
update_paid_months,1621895132370,main
paid_loan,1621895132383,main
update_paid_months,1621895132396,main
paid_loan,1621895132412,main
update_paid_months,1621895132427,main
paid_loan,1621895132443,main
update_paid_months,1621895132457,main
finished_loan,1621895132472,main
exchange_rate,1621895132488,main
exchange_rate,1621895132501,main
delete_client,1621895132532,main
new_client,1621895204836,main
new_client,1621895204943,main
new_client,1621895205001,main
new_client,1621895205052,main
new_client,1621895205131,main
new_loan,1621895205159,main
exchange_rate,1621895205211,main
new_loan,1621895205232,main
exchange_rate,1621895205279,main
exchange_rate,1621895205310,main
paid_loan,1621895205333,main
update_paid_months,1621895205362,main
exchange_rate,1621895205383,main
new_loan,1621895205399,main
update_paid_months,1621895205433,main
paid_loan,1621895205455,main
update_paid_months,1621895205487,main
exchange_rate,1621895205512,main
delete_client,1621895205548,main
new_client,1621895253142,main
new_client,1621895253259,main
new_client,1621895253323,main
new_client,1621895253378,main
new_client,1621895253437,main
new_loan,1621895253464,main
exchange_rate,1621895253530,main
new_loan,1621895253552,main
exchange_rate,1621895253610,main
exchange_rate,1621895253635,main
paid_loan,1621895253654,main
update_paid_months,1621895253679,main
exchange_rate,1621895253700,main
new_loan,1621895253714,main
update_paid_months,1621895253758,main
paid_loan,1621895253780,main
update_paid_months,1621895253805,main
exchange_rate,1621895253833,main
delete_client,1621895253859,main
new_client,1621895347852,main
new_client,1621895347953,main
new_loan,1621895347999,main
exchange_rate,1621895348079,main
new_loan,1621895348118,main
exchange_rate,1621895348186,main
exchange_rate,1621895348217,main
paid_loan,1621895348242,main
update_paid_months,1621895348270,main
exchange_rate,1621895348298,main
new_loan,1621895348321,main
update_paid_months,1621895348366,main
paid_loan,1621895348392,main
update_paid_months,1621895348424,main
exchange_rate,1621895348445,main
delete_client,1621895348485,main
new_client,1621896730736,AWT-EventQueue-0
new_client,1621896730831,AWT-EventQueue-0
new_loan,1621896730870,AWT-EventQueue-0
exchange_rate,1621896730957,AWT-EventQueue-0
new_loan,1621896731006,AWT-EventQueue-0
exchange_rate,1621896731101,AWT-EventQueue-0
exchange_rate,1621896731132,AWT-EventQueue-0
paid_loan,1621896731157,AWT-EventQueue-0
update_paid_months,1621896731201,AWT-EventQueue-0
exchange_rate,1621896731240,AWT-EventQueue-0
new_loan,1621896731264,AWT-EventQueue-0
update_paid_months,1621896731320,AWT-EventQueue-0
paid_loan,1621896731341,AWT-EventQueue-0
update_paid_months,1621896731366,AWT-EventQueue-0
exchange_rate,1621896731388,AWT-EventQueue-0
delete_client,1621896731421,AWT-EventQueue-0
new_client,1621896915634,main
new_client,1621896953155,main
new_client,1621897075444,main
new_client,1621897117651,main
new_client,1621897129249,main
new_client,1621897173798,main
new_client,1621897394710,AWT-EventQueue-0
new_client,1621897399893,AWT-EventQueue-0
new_client,1621897427084,AWT-EventQueue-0
new_client,1621897427141,AWT-EventQueue-0
new_loan,1621897427161,AWT-EventQueue-0
exchange_rate,1621897427207,AWT-EventQueue-0
new_loan,1621897427228,AWT-EventQueue-0
exchange_rate,1621897427261,AWT-EventQueue-0
exchange_rate,1621897427280,AWT-EventQueue-0
paid_loan,1621897427296,AWT-EventQueue-0
update_paid_months,1621897427313,AWT-EventQueue-0
exchange_rate,1621897427336,AWT-EventQueue-0
new_loan,1621897427361,AWT-EventQueue-0
update_paid_months,1621897427393,AWT-EventQueue-0
paid_loan,1621897427410,AWT-EventQueue-0
update_paid_months,1621897427431,AWT-EventQueue-0
exchange_rate,1621897427448,AWT-EventQueue-0
new_client,1621897430509,AWT-EventQueue-0
new_client,1621897442381,AWT-EventQueue-0
new_client,1621897444269,AWT-EventQueue-0
new_client,1621897449526,AWT-EventQueue-0
new_client,1621897449557,AWT-EventQueue-0
new_loan,1621897449571,AWT-EventQueue-0
exchange_rate,1621897449597,AWT-EventQueue-0
new_loan,1621897449610,AWT-EventQueue-0
exchange_rate,1621897449634,AWT-EventQueue-0
exchange_rate,1621897449645,AWT-EventQueue-0
paid_loan,1621897449659,AWT-EventQueue-0
update_paid_months,1621897449672,AWT-EventQueue-0
exchange_rate,1621897449686,AWT-EventQueue-0
new_loan,1621897449698,AWT-EventQueue-0
update_paid_months,1621897449726,AWT-EventQueue-0
paid_loan,1621897449739,AWT-EventQueue-0
update_paid_months,1621897449753,AWT-EventQueue-0
exchange_rate,1621897449767,AWT-EventQueue-0
new_client,1621897463101,AWT-EventQueue-0
new_client,1621897627421,AWT-EventQueue-0
new_client,1621897627510,AWT-EventQueue-0
new_loan,1621897627546,AWT-EventQueue-0
exchange_rate,1621897627609,AWT-EventQueue-0
new_loan,1621897627644,AWT-EventQueue-0
exchange_rate,1621897627706,AWT-EventQueue-0
exchange_rate,1621897627734,AWT-EventQueue-0
paid_loan,1621897627764,AWT-EventQueue-0
update_paid_months,1621897627794,AWT-EventQueue-0
exchange_rate,1621897627819,AWT-EventQueue-0
new_loan,1621897627846,AWT-EventQueue-0
update_paid_months,1621897627894,AWT-EventQueue-0
paid_loan,1621897627916,AWT-EventQueue-0
update_paid_months,1621897627934,AWT-EventQueue-0
paid_loan,1621897627950,AWT-EventQueue-0
update_paid_months,1621897627967,AWT-EventQueue-0
paid_loan,1621897627982,AWT-EventQueue-0
update_paid_months,1621897628000,AWT-EventQueue-0
paid_loan,1621897628015,AWT-EventQueue-0
update_paid_months,1621897628030,AWT-EventQueue-0
paid_loan,1621897628047,AWT-EventQueue-0
update_paid_months,1621897628066,AWT-EventQueue-0
paid_loan,1621897628084,AWT-EventQueue-0
update_paid_months,1621897628110,AWT-EventQueue-0
paid_loan,1621897628134,AWT-EventQueue-0
update_paid_months,1621897628155,AWT-EventQueue-0
paid_loan,1621897628172,AWT-EventQueue-0
update_paid_months,1621897628189,AWT-EventQueue-0
paid_loan,1621897628218,AWT-EventQueue-0
update_paid_months,1621897628235,AWT-EventQueue-0
paid_loan,1621897628256,AWT-EventQueue-0
update_paid_months,1621897628276,AWT-EventQueue-0
paid_loan,1621897628298,AWT-EventQueue-0
update_paid_months,1621897628318,AWT-EventQueue-0
paid_loan,1621897628339,AWT-EventQueue-0
update_paid_months,1621897628355,AWT-EventQueue-0
finished_loan,1621897628369,AWT-EventQueue-0
exchange_rate,1621897628383,AWT-EventQueue-0
exchange_rate,1621897628400,AWT-EventQueue-0
new_client,1621897632629,AWT-EventQueue-0
new_client,1621897689743,main
new_client,1621897697065,AWT-EventQueue-0
new_loan,1621897697096,AWT-EventQueue-0
exchange_rate,1621897697160,AWT-EventQueue-0
new_loan,1621897697181,AWT-EventQueue-0
exchange_rate,1621897697219,AWT-EventQueue-0
exchange_rate,1621897697241,AWT-EventQueue-0
paid_loan,1621897697258,AWT-EventQueue-0
update_paid_months,1621897697275,AWT-EventQueue-0
exchange_rate,1621897697293,AWT-EventQueue-0
new_loan,1621897697312,AWT-EventQueue-0
update_paid_months,1621897697351,AWT-EventQueue-0
paid_loan,1621897697367,AWT-EventQueue-0
update_paid_months,1621897697382,AWT-EventQueue-0
paid_loan,1621897697398,AWT-EventQueue-0
update_paid_months,1621897697413,AWT-EventQueue-0
paid_loan,1621897697433,AWT-EventQueue-0
update_paid_months,1621897697454,AWT-EventQueue-0
paid_loan,1621897697471,AWT-EventQueue-0
update_paid_months,1621897697491,AWT-EventQueue-0
paid_loan,1621897697508,AWT-EventQueue-0
update_paid_months,1621897697528,AWT-EventQueue-0
paid_loan,1621897697543,AWT-EventQueue-0
update_paid_months,1621897697558,AWT-EventQueue-0
paid_loan,1621897697573,AWT-EventQueue-0
update_paid_months,1621897697590,AWT-EventQueue-0
paid_loan,1621897697607,AWT-EventQueue-0
update_paid_months,1621897697622,AWT-EventQueue-0
paid_loan,1621897697643,AWT-EventQueue-0
update_paid_months,1621897697657,AWT-EventQueue-0
paid_loan,1621897697670,AWT-EventQueue-0
update_paid_months,1621897697688,AWT-EventQueue-0
paid_loan,1621897697708,AWT-EventQueue-0
update_paid_months,1621897697731,AWT-EventQueue-0
paid_loan,1621897697753,AWT-EventQueue-0
update_paid_months,1621897697775,AWT-EventQueue-0
finished_loan,1621897697794,AWT-EventQueue-0
exchange_rate,1621897697809,AWT-EventQueue-0
exchange_rate,1621897697822,AWT-EventQueue-0
new_client,1621897730350,main
new_client,1621897749333,main
new_client,1621897821019,main
new_client,1621897913808,main
new_client,1621898006806,main
new_client,1621898037687,main
new_client,1621898064397,main
new_client,1621898081435,main
new_client,1621898164053,AWT-EventQueue-0
new_client,1621898164111,AWT-EventQueue-0
new_loan,1621898164133,AWT-EventQueue-0
exchange_rate,1621898164183,AWT-EventQueue-0
new_loan,1621898164211,AWT-EventQueue-0
exchange_rate,1621898164269,AWT-EventQueue-0
exchange_rate,1621898164296,AWT-EventQueue-0
paid_loan,1621898164322,AWT-EventQueue-0
update_paid_months,1621898164344,AWT-EventQueue-0
exchange_rate,1621898164359,AWT-EventQueue-0
new_loan,1621898164375,AWT-EventQueue-0
update_paid_months,1621898164408,AWT-EventQueue-0
paid_loan,1621898164424,AWT-EventQueue-0
update_paid_months,1621898164439,AWT-EventQueue-0
paid_loan,1621898164463,AWT-EventQueue-0
update_paid_months,1621898164482,AWT-EventQueue-0
paid_loan,1621898164503,AWT-EventQueue-0
update_paid_months,1621898164524,AWT-EventQueue-0
paid_loan,1621898164542,AWT-EventQueue-0
update_paid_months,1621898164562,AWT-EventQueue-0
paid_loan,1621898164578,AWT-EventQueue-0
update_paid_months,1621898164592,AWT-EventQueue-0
paid_loan,1621898164608,AWT-EventQueue-0
update_paid_months,1621898164625,AWT-EventQueue-0
paid_loan,1621898164640,AWT-EventQueue-0
update_paid_months,1621898164653,AWT-EventQueue-0
paid_loan,1621898164669,AWT-EventQueue-0
update_paid_months,1621898164687,AWT-EventQueue-0
paid_loan,1621898164702,AWT-EventQueue-0
update_paid_months,1621898164728,AWT-EventQueue-0
paid_loan,1621898164743,AWT-EventQueue-0
update_paid_months,1621898164756,AWT-EventQueue-0
paid_loan,1621898164770,AWT-EventQueue-0
update_paid_months,1621898164786,AWT-EventQueue-0
paid_loan,1621898164800,AWT-EventQueue-0
update_paid_months,1621898164813,AWT-EventQueue-0
finished_loan,1621898164827,AWT-EventQueue-0
exchange_rate,1621898164839,AWT-EventQueue-0
exchange_rate,1621898164853,AWT-EventQueue-0
new_client,1621898166764,AWT-EventQueue-0
new_client,1621898213369,main
new_client,1621898225439,main
new_client,1621898259347,main
new_client,1621898262037,AWT-EventQueue-0
new_loan,1621898262062,AWT-EventQueue-0
exchange_rate,1621898262111,AWT-EventQueue-0
new_loan,1621898262132,AWT-EventQueue-0
exchange_rate,1621898262183,AWT-EventQueue-0
exchange_rate,1621898262202,AWT-EventQueue-0
paid_loan,1621898262226,AWT-EventQueue-0
update_paid_months,1621898262243,AWT-EventQueue-0
exchange_rate,1621898262260,AWT-EventQueue-0
new_loan,1621898262278,AWT-EventQueue-0
update_paid_months,1621898262316,AWT-EventQueue-0
paid_loan,1621898262331,AWT-EventQueue-0
update_paid_months,1621898262347,AWT-EventQueue-0
paid_loan,1621898262363,AWT-EventQueue-0
update_paid_months,1621898262379,AWT-EventQueue-0
paid_loan,1621898262395,AWT-EventQueue-0
update_paid_months,1621898262411,AWT-EventQueue-0
paid_loan,1621898262429,AWT-EventQueue-0
update_paid_months,1621898262446,AWT-EventQueue-0
paid_loan,1621898262463,AWT-EventQueue-0
update_paid_months,1621898262482,AWT-EventQueue-0
paid_loan,1621898262499,AWT-EventQueue-0
update_paid_months,1621898262516,AWT-EventQueue-0
paid_loan,1621898262534,AWT-EventQueue-0
update_paid_months,1621898262550,AWT-EventQueue-0
paid_loan,1621898262566,AWT-EventQueue-0
update_paid_months,1621898262584,AWT-EventQueue-0
paid_loan,1621898262599,AWT-EventQueue-0
update_paid_months,1621898262613,AWT-EventQueue-0
paid_loan,1621898262627,AWT-EventQueue-0
update_paid_months,1621898262640,AWT-EventQueue-0
paid_loan,1621898262656,AWT-EventQueue-0
update_paid_months,1621898262674,AWT-EventQueue-0
paid_loan,1621898262689,AWT-EventQueue-0
update_paid_months,1621898262702,AWT-EventQueue-0
finished_loan,1621898262718,AWT-EventQueue-0
exchange_rate,1621898262731,AWT-EventQueue-0
exchange_rate,1621898262746,AWT-EventQueue-0
new_client,1621898290426,main
new_client,1621898300148,AWT-EventQueue-0
new_loan,1621898300185,AWT-EventQueue-0
exchange_rate,1621898300238,AWT-EventQueue-0
new_loan,1621898300260,AWT-EventQueue-0
exchange_rate,1621898300311,AWT-EventQueue-0
exchange_rate,1621898300328,AWT-EventQueue-0
paid_loan,1621898300361,AWT-EventQueue-0
update_paid_months,1621898300377,AWT-EventQueue-0
exchange_rate,1621898300391,AWT-EventQueue-0
new_loan,1621898300408,AWT-EventQueue-0
update_paid_months,1621898300449,AWT-EventQueue-0
paid_loan,1621898300464,AWT-EventQueue-0
update_paid_months,1621898300481,AWT-EventQueue-0
paid_loan,1621898300498,AWT-EventQueue-0
update_paid_months,1621898300518,AWT-EventQueue-0
paid_loan,1621898300540,AWT-EventQueue-0
update_paid_months,1621898300564,AWT-EventQueue-0
paid_loan,1621898300581,AWT-EventQueue-0
update_paid_months,1621898300608,AWT-EventQueue-0
paid_loan,1621898300628,AWT-EventQueue-0
update_paid_months,1621898300646,AWT-EventQueue-0
paid_loan,1621898300663,AWT-EventQueue-0
update_paid_months,1621898300682,AWT-EventQueue-0
paid_loan,1621898300700,AWT-EventQueue-0
update_paid_months,1621898300716,AWT-EventQueue-0
paid_loan,1621898300733,AWT-EventQueue-0
update_paid_months,1621898300756,AWT-EventQueue-0
paid_loan,1621898300776,AWT-EventQueue-0
update_paid_months,1621898300792,AWT-EventQueue-0
paid_loan,1621898300805,AWT-EventQueue-0
update_paid_months,1621898300822,AWT-EventQueue-0
paid_loan,1621898300834,AWT-EventQueue-0
update_paid_months,1621898300849,AWT-EventQueue-0
paid_loan,1621898300864,AWT-EventQueue-0
update_paid_months,1621898300878,AWT-EventQueue-0
finished_loan,1621898300891,AWT-EventQueue-0
exchange_rate,1621898300905,AWT-EventQueue-0
exchange_rate,1621898300922,AWT-EventQueue-0
new_client,1621898324684,AWT-EventQueue-0
new_client,1621898348590,main
new_client,1621898352823,AWT-EventQueue-0
new_loan,1621898352848,AWT-EventQueue-0
exchange_rate,1621898352898,AWT-EventQueue-0
new_loan,1621898352918,AWT-EventQueue-0
exchange_rate,1621898352971,AWT-EventQueue-0
exchange_rate,1621898352988,AWT-EventQueue-0
paid_loan,1621898353013,AWT-EventQueue-0
update_paid_months,1621898353032,AWT-EventQueue-0
exchange_rate,1621898353049,AWT-EventQueue-0
new_loan,1621898353067,AWT-EventQueue-0
update_paid_months,1621898353111,AWT-EventQueue-0
paid_loan,1621898353128,AWT-EventQueue-0
update_paid_months,1621898353145,AWT-EventQueue-0
paid_loan,1621898353161,AWT-EventQueue-0
update_paid_months,1621898353178,AWT-EventQueue-0
paid_loan,1621898353194,AWT-EventQueue-0
update_paid_months,1621898353211,AWT-EventQueue-0
paid_loan,1621898353230,AWT-EventQueue-0
update_paid_months,1621898353249,AWT-EventQueue-0
paid_loan,1621898353266,AWT-EventQueue-0
update_paid_months,1621898353283,AWT-EventQueue-0
paid_loan,1621898353301,AWT-EventQueue-0
update_paid_months,1621898353318,AWT-EventQueue-0
paid_loan,1621898353335,AWT-EventQueue-0
update_paid_months,1621898353351,AWT-EventQueue-0
paid_loan,1621898353369,AWT-EventQueue-0
update_paid_months,1621898353388,AWT-EventQueue-0
paid_loan,1621898353407,AWT-EventQueue-0
update_paid_months,1621898353424,AWT-EventQueue-0
paid_loan,1621898353439,AWT-EventQueue-0
update_paid_months,1621898353453,AWT-EventQueue-0
paid_loan,1621898353467,AWT-EventQueue-0
update_paid_months,1621898353484,AWT-EventQueue-0
paid_loan,1621898353501,AWT-EventQueue-0
update_paid_months,1621898353515,AWT-EventQueue-0
finished_loan,1621898353528,AWT-EventQueue-0
exchange_rate,1621898353541,AWT-EventQueue-0
exchange_rate,1621898353554,AWT-EventQueue-0
new_client,1621898412871,AWT-EventQueue-0
delete_client,1621898434435,AWT-EventQueue-0
new_client,1621898441199,AWT-EventQueue-0
new_loan,1621898441213,AWT-EventQueue-0
exchange_rate,1621898441236,AWT-EventQueue-0
new_loan,1621898441249,AWT-EventQueue-0
exchange_rate,1621898441272,AWT-EventQueue-0
exchange_rate,1621898441284,AWT-EventQueue-0
paid_loan,1621898441296,AWT-EventQueue-0
update_paid_months,1621898441308,AWT-EventQueue-0
exchange_rate,1621898441320,AWT-EventQueue-0
new_loan,1621898441331,AWT-EventQueue-0
update_paid_months,1621898441352,AWT-EventQueue-0
paid_loan,1621898441364,AWT-EventQueue-0
update_paid_months,1621898441377,AWT-EventQueue-0
paid_loan,1621898441389,AWT-EventQueue-0
update_paid_months,1621898441402,AWT-EventQueue-0
paid_loan,1621898441418,AWT-EventQueue-0
update_paid_months,1621898441434,AWT-EventQueue-0
paid_loan,1621898441447,AWT-EventQueue-0
update_paid_months,1621898441460,AWT-EventQueue-0
paid_loan,1621898441476,AWT-EventQueue-0
update_paid_months,1621898441492,AWT-EventQueue-0
paid_loan,1621898441505,AWT-EventQueue-0
update_paid_months,1621898441519,AWT-EventQueue-0
paid_loan,1621898441532,AWT-EventQueue-0
update_paid_months,1621898441546,AWT-EventQueue-0
paid_loan,1621898441561,AWT-EventQueue-0
update_paid_months,1621898441576,AWT-EventQueue-0
paid_loan,1621898441594,AWT-EventQueue-0
update_paid_months,1621898441609,AWT-EventQueue-0
paid_loan,1621898441625,AWT-EventQueue-0
update_paid_months,1621898441640,AWT-EventQueue-0
paid_loan,1621898441658,AWT-EventQueue-0
update_paid_months,1621898441681,AWT-EventQueue-0
paid_loan,1621898441698,AWT-EventQueue-0
update_paid_months,1621898441713,AWT-EventQueue-0
finished_loan,1621898441729,AWT-EventQueue-0
exchange_rate,1621898441742,AWT-EventQueue-0
exchange_rate,1621898441756,AWT-EventQueue-0
new_client,1621898532005,main
new_client,1621898628045,main
new_client,1621898635695,AWT-EventQueue-0
new_loan,1621898635717,AWT-EventQueue-0
exchange_rate,1621898635758,AWT-EventQueue-0
new_loan,1621898635776,AWT-EventQueue-0
exchange_rate,1621898635808,AWT-EventQueue-0
exchange_rate,1621898635825,AWT-EventQueue-0
paid_loan,1621898635841,AWT-EventQueue-0
update_paid_months,1621898635857,AWT-EventQueue-0
exchange_rate,1621898635875,AWT-EventQueue-0
new_loan,1621898635892,AWT-EventQueue-0
update_paid_months,1621898635942,AWT-EventQueue-0
paid_loan,1621898635961,AWT-EventQueue-0
update_paid_months,1621898635983,AWT-EventQueue-0
paid_loan,1621898635999,AWT-EventQueue-0
update_paid_months,1621898636015,AWT-EventQueue-0
paid_loan,1621898636034,AWT-EventQueue-0
update_paid_months,1621898636049,AWT-EventQueue-0
paid_loan,1621898636064,AWT-EventQueue-0
update_paid_months,1621898636081,AWT-EventQueue-0
paid_loan,1621898636097,AWT-EventQueue-0
update_paid_months,1621898636115,AWT-EventQueue-0
paid_loan,1621898636131,AWT-EventQueue-0
update_paid_months,1621898636152,AWT-EventQueue-0
paid_loan,1621898636170,AWT-EventQueue-0
update_paid_months,1621898636184,AWT-EventQueue-0
paid_loan,1621898636198,AWT-EventQueue-0
update_paid_months,1621898636211,AWT-EventQueue-0
paid_loan,1621898636226,AWT-EventQueue-0
update_paid_months,1621898636238,AWT-EventQueue-0
paid_loan,1621898636252,AWT-EventQueue-0
update_paid_months,1621898636263,AWT-EventQueue-0
paid_loan,1621898636281,AWT-EventQueue-0
update_paid_months,1621898636293,AWT-EventQueue-0
paid_loan,1621898636306,AWT-EventQueue-0
update_paid_months,1621898636318,AWT-EventQueue-0
finished_loan,1621898636331,AWT-EventQueue-0
exchange_rate,1621898636344,AWT-EventQueue-0
exchange_rate,1621898643131,AWT-EventQueue-0
new_client,1621898734222,main
new_client,1621898742421,main
new_client,1621898744514,AWT-EventQueue-0
new_loan,1621898744543,AWT-EventQueue-0
exchange_rate,1621898744597,AWT-EventQueue-0
new_loan,1621898744621,AWT-EventQueue-0
exchange_rate,1621898744668,AWT-EventQueue-0
exchange_rate,1621898744687,AWT-EventQueue-0
paid_loan,1621898744709,AWT-EventQueue-0
update_paid_months,1621898744727,AWT-EventQueue-0
exchange_rate,1621898744747,AWT-EventQueue-0
new_loan,1621898744767,AWT-EventQueue-0
update_paid_months,1621898744804,AWT-EventQueue-0
paid_loan,1621898744820,AWT-EventQueue-0
update_paid_months,1621898744834,AWT-EventQueue-0
exchange_rate,1621898744849,AWT-EventQueue-0
new_client,1621898765022,AWT-EventQueue-0
new_loan,1621898765038,AWT-EventQueue-0
exchange_rate,1621898765070,AWT-EventQueue-0
exchange_rate,1621898765087,AWT-EventQueue-0
exchange_rate,1621898765102,AWT-EventQueue-0
new_loan,1621898765121,AWT-EventQueue-0
exchange_rate,1621898765145,AWT-EventQueue-0
exchange_rate,1621898765159,AWT-EventQueue-0
exchange_rate,1621898765175,AWT-EventQueue-0
exchange_rate,1621898765189,AWT-EventQueue-0
exchange_rate,1621898765203,AWT-EventQueue-0
exchange_rate,1621898765223,AWT-EventQueue-0
paid_loan,1621898765239,AWT-EventQueue-0
update_paid_months,1621898765255,AWT-EventQueue-0
exchange_rate,1621898765269,AWT-EventQueue-0
exchange_rate,1621898765283,AWT-EventQueue-0
exchange_rate,1621898765298,AWT-EventQueue-0
new_loan,1621898765316,AWT-EventQueue-0
update_paid_months,1621898765346,AWT-EventQueue-0
paid_loan,1621898765360,AWT-EventQueue-0
update_paid_months,1621898765375,AWT-EventQueue-0
exchange_rate,1621898765389,AWT-EventQueue-0
new_client,1621899121991,main
new_client,1621899127191,AWT-EventQueue-0
new_loan,1621899127215,AWT-EventQueue-0
exchange_rate,1621899127256,AWT-EventQueue-0
new_loan,1621899127275,AWT-EventQueue-0
exchange_rate,1621899127315,AWT-EventQueue-0
exchange_rate,1621899127331,AWT-EventQueue-0
paid_loan,1621899127346,AWT-EventQueue-0
update_paid_months,1621899127362,AWT-EventQueue-0
exchange_rate,1621899127380,AWT-EventQueue-0
new_loan,1621899127399,AWT-EventQueue-0
update_paid_months,1621899127436,AWT-EventQueue-0
paid_loan,1621899127454,AWT-EventQueue-0
update_paid_months,1621899127470,AWT-EventQueue-0
exchange_rate,1621899127487,AWT-EventQueue-0
new_client,1621899203359,main
new_client,1621899210070,AWT-EventQueue-0
new_loan,1621899210091,AWT-EventQueue-0
exchange_rate,1621899210136,AWT-EventQueue-0
new_loan,1621899210156,AWT-EventQueue-0
exchange_rate,1621899210187,AWT-EventQueue-0
exchange_rate,1621899210203,AWT-EventQueue-0
paid_loan,1621899210219,AWT-EventQueue-0
update_paid_months,1621899210244,AWT-EventQueue-0
exchange_rate,1621899210261,AWT-EventQueue-0
new_loan,1621899210278,AWT-EventQueue-0
update_paid_months,1621899210323,AWT-EventQueue-0
paid_loan,1621899210344,AWT-EventQueue-0
update_paid_months,1621899210363,AWT-EventQueue-0
exchange_rate,1621899210383,AWT-EventQueue-0
new_client,1621899221428,AWT-EventQueue-0
new_loan,1621899221438,AWT-EventQueue-0
exchange_rate,1621899221458,AWT-EventQueue-0
exchange_rate,1621899221472,AWT-EventQueue-0
exchange_rate,1621899221483,AWT-EventQueue-0
new_loan,1621899221496,AWT-EventQueue-0
exchange_rate,1621899221518,AWT-EventQueue-0
exchange_rate,1621899221528,AWT-EventQueue-0
exchange_rate,1621899221538,AWT-EventQueue-0
exchange_rate,1621899221548,AWT-EventQueue-0
exchange_rate,1621899221557,AWT-EventQueue-0
exchange_rate,1621899221566,AWT-EventQueue-0
paid_loan,1621899221575,AWT-EventQueue-0
update_paid_months,1621899221585,AWT-EventQueue-0
exchange_rate,1621899221594,AWT-EventQueue-0
exchange_rate,1621899221603,AWT-EventQueue-0
exchange_rate,1621899221611,AWT-EventQueue-0
new_loan,1621899221620,AWT-EventQueue-0
update_paid_months,1621899221636,AWT-EventQueue-0
paid_loan,1621899221646,AWT-EventQueue-0
update_paid_months,1621899221655,AWT-EventQueue-0
exchange_rate,1621899221665,AWT-EventQueue-0
new_client,1621899230225,AWT-EventQueue-0
new_loan,1621899230239,AWT-EventQueue-0
exchange_rate,1621899230268,AWT-EventQueue-0
exchange_rate,1621899230280,AWT-EventQueue-0
exchange_rate,1621899230293,AWT-EventQueue-0
exchange_rate,1621899230306,AWT-EventQueue-0
exchange_rate,1621899230318,AWT-EventQueue-0
new_loan,1621899230331,AWT-EventQueue-0
exchange_rate,1621899230357,AWT-EventQueue-0
exchange_rate,1621899230370,AWT-EventQueue-0
exchange_rate,1621899230382,AWT-EventQueue-0
exchange_rate,1621899230398,AWT-EventQueue-0
exchange_rate,1621899230411,AWT-EventQueue-0
exchange_rate,1621899230425,AWT-EventQueue-0
exchange_rate,1621899230438,AWT-EventQueue-0
exchange_rate,1621899230451,AWT-EventQueue-0
exchange_rate,1621899230464,AWT-EventQueue-0
exchange_rate,1621899230477,AWT-EventQueue-0
paid_loan,1621899230493,AWT-EventQueue-0
update_paid_months,1621899230506,AWT-EventQueue-0
exchange_rate,1621899230521,AWT-EventQueue-0
exchange_rate,1621899230534,AWT-EventQueue-0
exchange_rate,1621899230550,AWT-EventQueue-0
exchange_rate,1621899230565,AWT-EventQueue-0
exchange_rate,1621899230579,AWT-EventQueue-0
new_loan,1621899230591,AWT-EventQueue-0
update_paid_months,1621899230616,AWT-EventQueue-0
paid_loan,1621899230630,AWT-EventQueue-0
update_paid_months,1621899230645,AWT-EventQueue-0
exchange_rate,1621899230661,AWT-EventQueue-0
new_client,1621899323922,main
new_client,1621899335402,AWT-EventQueue-0
new_loan,1621899335427,AWT-EventQueue-0
exchange_rate,1621899335468,AWT-EventQueue-0
new_loan,1621899335496,AWT-EventQueue-0
exchange_rate,1621899335525,AWT-EventQueue-0
exchange_rate,1621899335540,AWT-EventQueue-0
paid_loan,1621899335558,AWT-EventQueue-0
update_paid_months,1621899335572,AWT-EventQueue-0
exchange_rate,1621899335590,AWT-EventQueue-0
new_loan,1621899335609,AWT-EventQueue-0
update_paid_months,1621899335647,AWT-EventQueue-0
paid_loan,1621899335667,AWT-EventQueue-0
update_paid_months,1621899335684,AWT-EventQueue-0
exchange_rate,1621899335701,AWT-EventQueue-0
new_client,1621899345262,AWT-EventQueue-0
new_loan,1621899345276,AWT-EventQueue-0
exchange_rate,1621899345297,AWT-EventQueue-0
exchange_rate,1621899345307,AWT-EventQueue-0
exchange_rate,1621899345320,AWT-EventQueue-0
new_loan,1621899345331,AWT-EventQueue-0
exchange_rate,1621899345350,AWT-EventQueue-0
exchange_rate,1621899345361,AWT-EventQueue-0
exchange_rate,1621899345372,AWT-EventQueue-0
exchange_rate,1621899345382,AWT-EventQueue-0
exchange_rate,1621899345392,AWT-EventQueue-0
exchange_rate,1621899345402,AWT-EventQueue-0
paid_loan,1621899345411,AWT-EventQueue-0
update_paid_months,1621899345420,AWT-EventQueue-0
exchange_rate,1621899345429,AWT-EventQueue-0
exchange_rate,1621899345437,AWT-EventQueue-0
exchange_rate,1621899345447,AWT-EventQueue-0
new_loan,1621899345456,AWT-EventQueue-0
update_paid_months,1621899345479,AWT-EventQueue-0
paid_loan,1621899345489,AWT-EventQueue-0
update_paid_months,1621899345499,AWT-EventQueue-0
exchange_rate,1621899345508,AWT-EventQueue-0
new_client,1621899354573,AWT-EventQueue-0
new_loan,1621899354587,AWT-EventQueue-0
exchange_rate,1621899354613,AWT-EventQueue-0
exchange_rate,1621899354625,AWT-EventQueue-0
exchange_rate,1621899354638,AWT-EventQueue-0
exchange_rate,1621899354650,AWT-EventQueue-0
exchange_rate,1621899354663,AWT-EventQueue-0
new_loan,1621899354676,AWT-EventQueue-0
exchange_rate,1621899354700,AWT-EventQueue-0
exchange_rate,1621899354716,AWT-EventQueue-0
exchange_rate,1621899354727,AWT-EventQueue-0
exchange_rate,1621899354739,AWT-EventQueue-0
exchange_rate,1621899354753,AWT-EventQueue-0
exchange_rate,1621899354765,AWT-EventQueue-0
exchange_rate,1621899354779,AWT-EventQueue-0
exchange_rate,1621899354792,AWT-EventQueue-0
exchange_rate,1621899354805,AWT-EventQueue-0
exchange_rate,1621899354819,AWT-EventQueue-0
paid_loan,1621899354834,AWT-EventQueue-0
update_paid_months,1621899354849,AWT-EventQueue-0
exchange_rate,1621899354863,AWT-EventQueue-0
exchange_rate,1621899354878,AWT-EventQueue-0
exchange_rate,1621899354892,AWT-EventQueue-0
exchange_rate,1621899354908,AWT-EventQueue-0
exchange_rate,1621899354924,AWT-EventQueue-0
new_loan,1621899354937,AWT-EventQueue-0
update_paid_months,1621899354963,AWT-EventQueue-0
paid_loan,1621899354977,AWT-EventQueue-0
update_paid_months,1621899354990,AWT-EventQueue-0
exchange_rate,1621899355005,AWT-EventQueue-0
new_client,1621899509251,main
new_client,1621899517305,AWT-EventQueue-0
new_loan,1621899517336,AWT-EventQueue-0
exchange_rate,1621899517377,AWT-EventQueue-0
new_loan,1621899517394,AWT-EventQueue-0
exchange_rate,1621899517421,AWT-EventQueue-0
exchange_rate,1621899517436,AWT-EventQueue-0
paid_loan,1621899517453,AWT-EventQueue-0
update_paid_months,1621899517469,AWT-EventQueue-0
exchange_rate,1621899517487,AWT-EventQueue-0
new_loan,1621899517505,AWT-EventQueue-0
update_paid_months,1621899517538,AWT-EventQueue-0
paid_loan,1621899517557,AWT-EventQueue-0
update_paid_months,1621899517574,AWT-EventQueue-0
exchange_rate,1621899517591,AWT-EventQueue-0
delete_client,1621899527619,AWT-EventQueue-0
new_client,1621899528781,AWT-EventQueue-0
new_loan,1621899528807,AWT-EventQueue-0
exchange_rate,1621899528835,AWT-EventQueue-0
exchange_rate,1621899528853,AWT-EventQueue-0
exchange_rate,1621899528867,AWT-EventQueue-0
new_loan,1621899528880,AWT-EventQueue-0
exchange_rate,1621899528905,AWT-EventQueue-0
exchange_rate,1621899528919,AWT-EventQueue-0
exchange_rate,1621899528935,AWT-EventQueue-0
exchange_rate,1621899528949,AWT-EventQueue-0
exchange_rate,1621899528965,AWT-EventQueue-0
exchange_rate,1621899528980,AWT-EventQueue-0
paid_loan,1621899528997,AWT-EventQueue-0
update_paid_months,1621899529015,AWT-EventQueue-0
exchange_rate,1621899529028,AWT-EventQueue-0
exchange_rate,1621899529042,AWT-EventQueue-0
exchange_rate,1621899529059,AWT-EventQueue-0
new_loan,1621899529073,AWT-EventQueue-0
update_paid_months,1621899529101,AWT-EventQueue-0
paid_loan,1621899529114,AWT-EventQueue-0
update_paid_months,1621899529130,AWT-EventQueue-0
exchange_rate,1621899529150,AWT-EventQueue-0
new_client,1621899543709,AWT-EventQueue-0
new_loan,1621899543721,AWT-EventQueue-0
exchange_rate,1621899543749,AWT-EventQueue-0
exchange_rate,1621899543762,AWT-EventQueue-0
exchange_rate,1621899543776,AWT-EventQueue-0
exchange_rate,1621899543790,AWT-EventQueue-0
exchange_rate,1621899543802,AWT-EventQueue-0
new_loan,1621899543815,AWT-EventQueue-0
exchange_rate,1621899543840,AWT-EventQueue-0
exchange_rate,1621899543859,AWT-EventQueue-0
exchange_rate,1621899543871,AWT-EventQueue-0
exchange_rate,1621899543884,AWT-EventQueue-0
exchange_rate,1621899543895,AWT-EventQueue-0
exchange_rate,1621899543907,AWT-EventQueue-0
exchange_rate,1621899543922,AWT-EventQueue-0
exchange_rate,1621899543935,AWT-EventQueue-0
exchange_rate,1621899543949,AWT-EventQueue-0
exchange_rate,1621899543965,AWT-EventQueue-0
paid_loan,1621899543980,AWT-EventQueue-0
update_paid_months,1621899543993,AWT-EventQueue-0
exchange_rate,1621899544008,AWT-EventQueue-0
exchange_rate,1621899544022,AWT-EventQueue-0
exchange_rate,1621899544037,AWT-EventQueue-0
exchange_rate,1621899544053,AWT-EventQueue-0
exchange_rate,1621899544067,AWT-EventQueue-0
new_loan,1621899544079,AWT-EventQueue-0
update_paid_months,1621899544114,AWT-EventQueue-0
paid_loan,1621899544130,AWT-EventQueue-0
update_paid_months,1621899544148,AWT-EventQueue-0
exchange_rate,1621899544164,AWT-EventQueue-0
new_client,1621933872712,main
new_client,1621933888635,main
new_client,1621933898999,AWT-EventQueue-0
new_loan,1621933899033,AWT-EventQueue-0
exchange_rate,1621933899084,AWT-EventQueue-0
new_loan,1621933899101,AWT-EventQueue-0
exchange_rate,1621933899153,AWT-EventQueue-0
exchange_rate,1621933899173,AWT-EventQueue-0
paid_loan,1621933899192,AWT-EventQueue-0
update_paid_months,1621933899213,AWT-EventQueue-0
exchange_rate,1621933899240,AWT-EventQueue-0
new_loan,1621933899266,AWT-EventQueue-0
update_paid_months,1621933899331,AWT-EventQueue-0
paid_loan,1621933899364,AWT-EventQueue-0
update_paid_months,1621933899393,AWT-EventQueue-0
exchange_rate,1621933899414,AWT-EventQueue-0
delete_client,1621933909240,AWT-EventQueue-0
new_client,1621934079606,AWT-EventQueue-0
new_client,1621934136967,AWT-EventQueue-0
new_loan,1621934136992,AWT-EventQueue-0
exchange_rate,1621934137019,AWT-EventQueue-0
new_loan,1621934137033,AWT-EventQueue-0
exchange_rate,1621934137059,AWT-EventQueue-0
exchange_rate,1621934137076,AWT-EventQueue-0
paid_loan,1621934137093,AWT-EventQueue-0
update_paid_months,1621934137107,AWT-EventQueue-0
exchange_rate,1621934137120,AWT-EventQueue-0
new_loan,1621934137133,AWT-EventQueue-0
update_paid_months,1621934137157,AWT-EventQueue-0
paid_loan,1621934137172,AWT-EventQueue-0
update_paid_months,1621934137187,AWT-EventQueue-0
exchange_rate,1621934137205,AWT-EventQueue-0
new_client,1621934185205,main
new_client,1621934187274,AWT-EventQueue-0
new_client,1621934187337,AWT-EventQueue-0
new_client,1621934187412,AWT-EventQueue-0
new_loan,1621934187457,AWT-EventQueue-0
exchange_rate,1621934187516,AWT-EventQueue-0
new_loan,1621934187554,AWT-EventQueue-0
exchange_rate,1621934187590,AWT-EventQueue-0
exchange_rate,1621934187614,AWT-EventQueue-0
paid_loan,1621934187645,AWT-EventQueue-0
update_paid_months,1621934187661,AWT-EventQueue-0
exchange_rate,1621934187684,AWT-EventQueue-0
new_loan,1621934187703,AWT-EventQueue-0
update_paid_months,1621934187759,AWT-EventQueue-0
paid_loan,1621934187783,AWT-EventQueue-0
update_paid_months,1621934187808,AWT-EventQueue-0
exchange_rate,1621934187831,AWT-EventQueue-0
new_client,1621934615855,AWT-EventQueue-0
new_client,1621934615891,AWT-EventQueue-0
new_client,1621934615923,AWT-EventQueue-0
new_loan,1621934615936,AWT-EventQueue-0
exchange_rate,1621934615966,AWT-EventQueue-0
exchange_rate,1621934615980,AWT-EventQueue-0
exchange_rate,1621934615992,AWT-EventQueue-0
new_loan,1621934616007,AWT-EventQueue-0
exchange_rate,1621934616036,AWT-EventQueue-0
exchange_rate,1621934616054,AWT-EventQueue-0
exchange_rate,1621934616073,AWT-EventQueue-0
exchange_rate,1621934616094,AWT-EventQueue-0
exchange_rate,1621934616110,AWT-EventQueue-0
exchange_rate,1621934616132,AWT-EventQueue-0
paid_loan,1621934616167,AWT-EventQueue-0
update_paid_months,1621934616186,AWT-EventQueue-0
exchange_rate,1621934616199,AWT-EventQueue-0
exchange_rate,1621934616214,AWT-EventQueue-0
exchange_rate,1621934616233,AWT-EventQueue-0
new_loan,1621934616256,AWT-EventQueue-0
update_paid_months,1621934616292,AWT-EventQueue-0
paid_loan,1621934616306,AWT-EventQueue-0
update_paid_months,1621934616321,AWT-EventQueue-0
exchange_rate,1621934616341,AWT-EventQueue-0
new_client,1621936851711,AWT-EventQueue-0
new_client,1621936851740,AWT-EventQueue-0
new_client,1621936851768,AWT-EventQueue-0
new_loan,1621936851797,AWT-EventQueue-0
exchange_rate,1621936851826,AWT-EventQueue-0
exchange_rate,1621936851840,AWT-EventQueue-0
exchange_rate,1621936851857,AWT-EventQueue-0
exchange_rate,1621936851870,AWT-EventQueue-0
exchange_rate,1621936851884,AWT-EventQueue-0
new_loan,1621936851902,AWT-EventQueue-0
exchange_rate,1621936851939,AWT-EventQueue-0
exchange_rate,1621936851955,AWT-EventQueue-0
exchange_rate,1621936851977,AWT-EventQueue-0
exchange_rate,1621936851994,AWT-EventQueue-0
exchange_rate,1621936852012,AWT-EventQueue-0
exchange_rate,1621936852031,AWT-EventQueue-0
exchange_rate,1621936852048,AWT-EventQueue-0
exchange_rate,1621936852064,AWT-EventQueue-0
exchange_rate,1621936852077,AWT-EventQueue-0
exchange_rate,1621936852094,AWT-EventQueue-0
paid_loan,1621936852112,AWT-EventQueue-0
update_paid_months,1621936852127,AWT-EventQueue-0
exchange_rate,1621936852147,AWT-EventQueue-0
exchange_rate,1621936852166,AWT-EventQueue-0
exchange_rate,1621936852198,AWT-EventQueue-0
exchange_rate,1621936852226,AWT-EventQueue-0
exchange_rate,1621936852251,AWT-EventQueue-0
new_loan,1621936852272,AWT-EventQueue-0
update_paid_months,1621936852311,AWT-EventQueue-0
paid_loan,1621936852325,AWT-EventQueue-0
update_paid_months,1621936852340,AWT-EventQueue-0
exchange_rate,1621936852362,AWT-EventQueue-0
delete_client,1621937040126,AWT-EventQueue-0
new_client,1621937079329,AWT-EventQueue-0
